"2025-05-21T10:12:18.043+0000",3,"PAM: Login session closed.","wazuhVM","May 21 10:12:17 wazuhVM sudo[50779]: pam_unix(sudo:session): session closed for user root"
"2025-05-21T10:12:23.068+0000",3,"Wazuh server started.","wazuhVM","ossec: Manager started."
"2025-05-21T10:12:26.050+0000",4,"First time user executed sudo.","wazuhVM","May 21 10:12:24 wazuhVM sudo[51404]: azureuser : TTY=pts/0 ; PWD=/home/azureuser ; USER=root ; COMMAND=/usr/bin/systemctl status wazuh-manager"
"2025-05-21T10:12:26.050+0000",3,"PAM: Login session opened.","wazuhVM","May 21 10:12:24 wazuhVM sudo[51404]: pam_unix(sudo:session): session opened for user root(uid=0) by azureuser(uid=1000)"
"2025-05-21T10:12:46.071+0000",3,"PAM: Login session closed.","wazuhVM","May 21 10:12:44 wazuhVM sudo[51404]: pam_unix(sudo:session): session closed for user root"
"2025-05-21T10:12:48.076+0000",3,"Successful sudo to ROOT executed.","wazuhVM","May 21 10:12:47 wazuhVM sudo[51500]: azureuser : TTY=pts/0 ; PWD=/home/azureuser ; USER=root ; COMMAND=/usr/bin/tail -f /var/ossec/logs/alerts/alerts.json"
"2025-05-21T10:12:48.076+0000",3,"PAM: Login session opened.","wazuhVM","May 21 10:12:47 wazuhVM sudo[51500]: pam_unix(sudo:session): session opened for user root(uid=0) by azureuser(uid=1000)"
"2025-05-21T10:12:57.669+0000",7,"CIS Ubuntu Linux 22.04 LTS Benchmark v2.0.0.: Ensure /tmp is a separate partition.","wazuhVM",
"2025-05-21T10:12:57.715+0000",7,"CIS Ubuntu Linux 22.04 LTS Benchmark v2.0.0.: Ensure nodev option set on /tmp partition.","wazuhVM",
"2025-05-21T10:12:57.716+0000",7,"CIS Ubuntu Linux 22.04 LTS Benchmark v2.0.0.: Ensure noexec option set on /tmp partition.","wazuhVM",
"2025-05-21T10:12:57.718+0000",7,"CIS Ubuntu Linux 22.04 LTS Benchmark v2.0.0.: Ensure nosuid option set on /tmp partition.","wazuhVM",
"2025-05-21T10:12:57.719+0000",7,"CIS Ubuntu Linux 22.04 LTS Benchmark v2.0.0.: Ensure separate partition exists for /var.","wazuhVM",
"2025-05-21T10:12:57.721+0000",7,"CIS Ubuntu Linux 22.04 LTS Benchmark v2.0.0.: Ensure nodev option set on /var partition.","wazuhVM",
"2025-05-21T10:12:57.734+0000",7,"CIS Ubuntu Linux 22.04 LTS Benchmark v2.0.0.: Ensure nosuid option set on /var partition.","wazuhVM",
"2025-05-21T10:12:57.743+0000",7,"CIS Ubuntu Linux 22.04 LTS Benchmark v2.0.0.: Ensure separate partition exists for /var/tmp.","wazuhVM",
"2025-05-21T10:12:57.755+0000",7,"CIS Ubuntu Linux 22.04 LTS Benchmark v2.0.0.: Ensure noexec option set on /var/tmp partition.","wazuhVM",
"2025-05-21T10:12:57.765+0000",7,"CIS Ubuntu Linux 22.04 LTS Benchmark v2.0.0.: Ensure nosuid option set on /var/tmp partition.","wazuhVM",
"2025-05-21T10:12:57.775+0000",7,"CIS Ubuntu Linux 22.04 LTS Benchmark v2.0.0.: Ensure nodev option set on /var/tmp partition.","wazuhVM",
"2025-05-21T10:12:57.785+0000",7,"CIS Ubuntu Linux 22.04 LTS Benchmark v2.0.0.: Ensure separate partition exists for /var/log.","wazuhVM",
"2025-05-21T10:12:57.795+0000",7,"CIS Ubuntu Linux 22.04 LTS Benchmark v2.0.0.: Ensure nodev option set on /var/log partition.","wazuhVM",
"2025-05-21T10:12:57.806+0000",7,"CIS Ubuntu Linux 22.04 LTS Benchmark v2.0.0.: Ensure noexec option set on /var/log partition.","wazuhVM",
"2025-05-21T10:12:57.817+0000",7,"CIS Ubuntu Linux 22.04 LTS Benchmark v2.0.0.: Ensure nosuid option set on /var/log partition.","wazuhVM",
"2025-05-21T10:12:57.827+0000",7,"CIS Ubuntu Linux 22.04 LTS Benchmark v2.0.0.: Ensure separate partition exists for /var/log/audit.","wazuhVM",
"2025-05-21T10:12:57.837+0000",7,"CIS Ubuntu Linux 22.04 LTS Benchmark v2.0.0.: Ensure noexec option set on /var/log/audit partition.","wazuhVM",
"2025-05-21T10:12:57.848+0000",7,"CIS Ubuntu Linux 22.04 LTS Benchmark v2.0.0.: Ensure nodev option set on /var/log/audit partition.","wazuhVM",
"2025-05-21T10:12:57.859+0000",7,"CIS Ubuntu Linux 22.04 LTS Benchmark v2.0.0.: Ensure nosuid option set on /var/log/audit partition.","wazuhVM",
"2025-05-21T10:12:57.869+0000",7,"CIS Ubuntu Linux 22.04 LTS Benchmark v2.0.0.: Ensure separate partition exists for /home.","wazuhVM",
"2025-05-21T10:12:57.879+0000",7,"CIS Ubuntu Linux 22.04 LTS Benchmark v2.0.0.: Ensure nodev option set on /home partition.","wazuhVM",
"2025-05-21T10:12:57.890+0000",7,"CIS Ubuntu Linux 22.04 LTS Benchmark v2.0.0.: Ensure nosuid option set on /home partition.","wazuhVM",
"2025-05-21T10:12:57.900+0000",3,"CIS Ubuntu Linux 22.04 LTS Benchmark v2.0.0.: Ensure nodev option set on /dev/shm partition.","wazuhVM",
"2025-05-21T10:12:57.910+0000",7,"CIS Ubuntu Linux 22.04 LTS Benchmark v2.0.0.: Ensure noexec option set on /dev/shm partition.","wazuhVM",
"2025-05-21T10:12:57.920+0000",3,"CIS Ubuntu Linux 22.04 LTS Benchmark v2.0.0.: Ensure nosuid option set on /dev/shm partition.","wazuhVM",
"2025-05-21T10:12:57.931+0000",3,"CIS Ubuntu Linux 22.04 LTS Benchmark v2.0.0.: Ensure autofs services are not in use.","wazuhVM",
"2025-05-21T10:12:57.941+0000",7,"CIS Ubuntu Linux 22.04 LTS Benchmark v2.0.0.: Ensure AIDE is installed.","wazuhVM",
"2025-05-21T10:12:57.951+0000",7,"CIS Ubuntu Linux 22.04 LTS Benchmark v2.0.0.: Ensure bootloader password is set.","wazuhVM",
"2025-05-21T10:12:57.961+0000",7,"CIS Ubuntu Linux 22.04 LTS Benchmark v2.0.0.: Ensure access to bootloader config is configured.","wazuhVM",
"2025-05-21T10:12:57.971+0000",3,"CIS Ubuntu Linux 22.04 LTS Benchmark v2.0.0.: Ensure prelink is not installed.","wazuhVM",
"2025-05-21T10:12:57.982+0000",7,"CIS Ubuntu Linux 22.04 LTS Benchmark v2.0.0.: Ensure Automatic Error Reporting is not enabled.","wazuhVM",
"2025-05-21T10:12:57.992+0000",7,"CIS Ubuntu Linux 22.04 LTS Benchmark v2.0.0.: Ensure AppArmor is installed.","wazuhVM",
"2025-05-21T10:12:58.002+0000",3,"CIS Ubuntu Linux 22.04 LTS Benchmark v2.0.0.: Ensure AppArmor is enabled in the bootloader configuration.","wazuhVM",
"2025-05-21T10:12:58.014+0000",3,"CIS Ubuntu Linux 22.04 LTS Benchmark v2.0.0.: Ensure message of the day is configured properly.","wazuhVM",
"2025-05-21T10:12:58.023+0000",7,"CIS Ubuntu Linux 22.04 LTS Benchmark v2.0.0.: Ensure local login warning banner is configured properly.","wazuhVM",
"2025-05-21T10:12:58.035+0000",7,"CIS Ubuntu Linux 22.04 LTS Benchmark v2.0.0.: Ensure remote login warning banner is configured properly.","wazuhVM",
"2025-05-21T10:12:58.047+0000",3,"CIS Ubuntu Linux 22.04 LTS Benchmark v2.0.0.: Ensure access to /etc/motd is configured.","wazuhVM",
"2025-05-21T10:12:58.056+0000",3,"CIS Ubuntu Linux 22.04 LTS Benchmark v2.0.0.: Ensure access to /etc/issue is configured.","wazuhVM",
"2025-05-21T10:12:58.066+0000",3,"CIS Ubuntu Linux 22.04 LTS Benchmark v2.0.0.: Ensure access to /etc/issue.net is configured.","wazuhVM",
"2025-05-21T10:12:58.077+0000",3,"CIS Ubuntu Linux 22.04 LTS Benchmark v2.0.0.: Ensure chrony is running as user _chrony.","wazuhVM",
"2025-05-21T10:12:58.089+0000",3,"CIS Ubuntu Linux 22.04 LTS Benchmark v2.0.0.: Ensure chrony is enabled and running.","wazuhVM",
"2025-05-21T10:12:58.101+0000",7,"CIS Ubuntu Linux 22.04 LTS Benchmark v2.0.0.: Ensure systemd-timesyncd is enabled and running.","wazuhVM",
"2025-05-21T10:12:58.111+0000",3,"CIS Ubuntu Linux 22.04 LTS Benchmark v2.0.0.: Ensure X window server services are not in use.","wazuhVM",
"2025-05-21T10:12:58.121+0000",3,"CIS Ubuntu Linux 22.04 LTS Benchmark v2.0.0.: Ensure avahi daemon services are not in use.","wazuhVM",
"2025-05-21T10:12:58.132+0000",3,"CIS Ubuntu Linux 22.04 LTS Benchmark v2.0.0.: Ensure print server services are not in use.","wazuhVM",
"2025-05-21T10:12:58.142+0000",3,"CIS Ubuntu Linux 22.04 LTS Benchmark v2.0.0.: Ensure dhcp server services are not in use.","wazuhVM",
"2025-05-21T10:12:58.156+0000",3,"CIS Ubuntu Linux 22.04 LTS Benchmark v2.0.0.: Ensure ldap server services are not in use.","wazuhVM",
"2025-05-21T10:12:58.167+0000",3,"CIS Ubuntu Linux 22.04 LTS Benchmark v2.0.0.: Ensure network file system services are not in use.","wazuhVM",
"2025-05-21T10:12:58.177+0000",3,"CIS Ubuntu Linux 22.04 LTS Benchmark v2.0.0.: Ensure dns server services are not in use.","wazuhVM",
"2025-05-21T10:12:58.187+0000",3,"CIS Ubuntu Linux 22.04 LTS Benchmark v2.0.0.: Ensure ftp server services are not in use.","wazuhVM",
"2025-05-21T10:12:58.197+0000",3,"CIS Ubuntu Linux 22.04 LTS Benchmark v2.0.0.: Ensure web server services are not in use.","wazuhVM",
"2025-05-21T10:12:58.207+0000",3,"CIS Ubuntu Linux 22.04 LTS Benchmark v2.0.0.: Ensure message access server services are not in use.","wazuhVM",
"2025-05-21T10:12:58.217+0000",3,"CIS Ubuntu Linux 22.04 LTS Benchmark v2.0.0.: Ensure samba file server services are not in use.","wazuhVM",
"2025-05-21T10:12:58.228+0000",3,"CIS Ubuntu Linux 22.04 LTS Benchmark v2.0.0.: Ensure web proxy server services are not in use.","wazuhVM",
"2025-05-21T10:12:58.238+0000",3,"CIS Ubuntu Linux 22.04 LTS Benchmark v2.0.0.: Ensure snmp services are not in use.","wazuhVM",
"2025-05-21T10:12:58.248+0000",3,"CIS Ubuntu Linux 22.04 LTS Benchmark v2.0.0.: Ensure nis server services are not in use.","wazuhVM",
"2025-05-21T10:12:58.259+0000",3,"CIS Ubuntu Linux 22.04 LTS Benchmark v2.0.0.: Ensure mail transfer agent is configured for local-only mode.","wazuhVM",
"2025-05-21T10:12:58.269+0000",3,"CIS Ubuntu Linux 22.04 LTS Benchmark v2.0.0.: Ensure rsync services are not in use.","wazuhVM",
"2025-05-21T10:12:58.279+0000",3,"CIS Ubuntu Linux 22.04 LTS Benchmark v2.0.0.: Ensure NIS Client is not installed.","wazuhVM",
"2025-05-21T10:12:58.290+0000",3,"CIS Ubuntu Linux 22.04 LTS Benchmark v2.0.0.: Ensure rsh client is not installed.","wazuhVM",
"2025-05-21T10:12:58.300+0000",3,"CIS Ubuntu Linux 22.04 LTS Benchmark v2.0.0.: Ensure talk client is not installed.","wazuhVM",
"2025-05-21T10:12:58.311+0000",7,"CIS Ubuntu Linux 22.04 LTS Benchmark v2.0.0.: Ensure telnet client is not installed.","wazuhVM",
"2025-05-21T10:12:58.322+0000",3,"CIS Ubuntu Linux 22.04 LTS Benchmark v2.0.0.: Ensure ldap client is not installed.","wazuhVM",
"2025-05-21T10:12:58.333+0000",3,"CIS Ubuntu Linux 22.04 LTS Benchmark v2.0.0.: Ensure rpcbind services are not in use.","wazuhVM",
"2025-05-21T10:12:58.343+0000",3,"CIS Ubuntu Linux 22.04 LTS Benchmark v2.0.0.: Ensure ufw is installed.","wazuhVM",
"2025-05-21T10:12:58.353+0000",3,"CIS Ubuntu Linux 22.04 LTS Benchmark v2.0.0.: Ensure iptables-persistent is not installed with ufw.","wazuhVM",
"2025-05-21T10:12:58.363+0000",3,"CIS Ubuntu Linux 22.04 LTS Benchmark v2.0.0.: Ensure ufw service is enabled.","wazuhVM",
"2025-05-21T10:12:58.373+0000",7,"CIS Ubuntu Linux 22.04 LTS Benchmark v2.0.0.: Ensure ufw loopback traffic is configured.","wazuhVM",
"2025-05-21T10:12:58.384+0000",7,"CIS Ubuntu Linux 22.04 LTS Benchmark v2.0.0.: Ensure ufw default deny firewall policy.","wazuhVM",
"2025-05-21T10:12:58.396+0000",3,"CIS Ubuntu Linux 22.04 LTS Benchmark v2.0.0.: Ensure nftables is installed.","wazuhVM",
"2025-05-21T10:12:58.408+0000",3,"CIS Ubuntu Linux 22.04 LTS Benchmark v2.0.0.: Ensure a nftables table exists.","wazuhVM",
"2025-05-21T10:12:58.418+0000",7,"CIS Ubuntu Linux 22.04 LTS Benchmark v2.0.0.: Ensure nftables base chains exist.","wazuhVM",
"2025-05-21T10:12:58.428+0000",7,"CIS Ubuntu Linux 22.04 LTS Benchmark v2.0.0.: Ensure nftables default deny firewall policy.","wazuhVM",
"2025-05-21T10:12:58.438+0000",7,"CIS Ubuntu Linux 22.04 LTS Benchmark v2.0.0.: Ensure nftables service is enabled.","wazuhVM",
"2025-05-21T10:12:58.449+0000",7,"CIS Ubuntu Linux 22.04 LTS Benchmark v2.0.0.: Ensure iptables packages are installed.","wazuhVM",
"2025-05-21T10:12:58.460+0000",7,"CIS Ubuntu Linux 22.04 LTS Benchmark v2.0.0.: Ensure nftables is not installed with iptables.","wazuhVM",
"2025-05-21T10:12:58.470+0000",3,"CIS Ubuntu Linux 22.04 LTS Benchmark v2.0.0.: Ensure ufw is uninstalled or disabled with iptables.","wazuhVM",
"2025-05-21T10:12:58.481+0000",7,"CIS Ubuntu Linux 22.04 LTS Benchmark v2.0.0.: Ensure iptables default deny firewall policy.","wazuhVM",
"2025-05-21T10:12:58.491+0000",7,"CIS Ubuntu Linux 22.04 LTS Benchmark v2.0.0.: Ensure iptables loopback traffic is configured.","wazuhVM",
"2025-05-21T10:12:58.502+0000",7,"CIS Ubuntu Linux 22.04 LTS Benchmark v2.0.0.: Ensure ip6tables default deny firewall policy.","wazuhVM",
"2025-05-21T10:12:58.513+0000",7,"CIS Ubuntu Linux 22.04 LTS Benchmark v2.0.0.: Ensure ip6tables loopback traffic is configured.","wazuhVM",
"2025-05-21T10:12:58.523+0000",7,"CIS Ubuntu Linux 22.04 LTS Benchmark v2.0.0.: Ensure auditd packages are installed.","wazuhVM",
"2025-05-21T10:12:58.534+0000",7,"CIS Ubuntu Linux 22.04 LTS Benchmark v2.0.0.: Ensure auditd service is enabled and active.","wazuhVM",
"2025-05-21T10:12:58.544+0000",3,"CIS Ubuntu Linux 22.04 LTS Benchmark v2.0.0.: Ensure auditing for processes that start prior to auditd is enabled.","wazuhVM",
"2025-05-21T10:12:58.554+0000",7,"CIS Ubuntu Linux 22.04 LTS Benchmark v2.0.0.: Ensure audit_backlog_limit is sufficient.","wazuhVM",
"2025-05-21T10:12:58.564+0000",7,"CIS Ubuntu Linux 22.04 LTS Benchmark v2.0.0.: Ensure audit log storage size is configured.","wazuhVM",
"2025-05-21T10:12:58.575+0000",7,"CIS Ubuntu Linux 22.04 LTS Benchmark v2.0.0.: Ensure audit logs are not automatically deleted.","wazuhVM",
"2025-05-21T10:12:58.585+0000",7,"CIS Ubuntu Linux 22.04 LTS Benchmark v2.0.0.: Ensure system is disabled when audit logs are full.","wazuhVM",
"2025-05-21T10:12:58.595+0000",7,"CIS Ubuntu Linux 22.04 LTS Benchmark v2.0.0.: Ensure changes to system administration scope (sudoers) is collected.","wazuhVM",
"2025-05-21T10:12:58.607+0000",7,"CIS Ubuntu Linux 22.04 LTS Benchmark v2.0.0.: Ensure actions as another user are always logged.","wazuhVM",
"2025-05-21T10:12:58.617+0000",7,"CIS Ubuntu Linux 22.04 LTS Benchmark v2.0.0.: Ensure events that modify date and time information are collected.","wazuhVM",
"2025-05-21T10:12:58.627+0000",7,"CIS Ubuntu Linux 22.04 LTS Benchmark v2.0.0.: Ensure events that modify the system's network environment are collected.","wazuhVM",
"2025-05-21T10:12:58.637+0000",7,"CIS Ubuntu Linux 22.04 LTS Benchmark v2.0.0.: Ensure events that modify user/group information are collected.","wazuhVM",
"2025-05-21T10:12:58.648+0000",7,"CIS Ubuntu Linux 22.04 LTS Benchmark v2.0.0.: Ensure session initiation information is collected.","wazuhVM",
"2025-05-21T10:12:58.658+0000",7,"CIS Ubuntu Linux 22.04 LTS Benchmark v2.0.0.: Ensure login and logout events are collected.","wazuhVM",
"2025-05-21T10:12:58.670+0000",7,"CIS Ubuntu Linux 22.04 LTS Benchmark v2.0.0.: Ensure events that modify the system's Mandatory Access Controls are collected.","wazuhVM",
"2025-05-21T10:12:58.680+0000",7,"CIS Ubuntu Linux 22.04 LTS Benchmark v2.0.0.: Ensure the audit configuration is immutable.","wazuhVM",
"2025-05-21T10:12:58.690+0000",3,"CIS Ubuntu Linux 22.04 LTS Benchmark v2.0.0.: Ensure audit log files group owner is configured.","wazuhVM",
"2025-05-21T10:12:58.700+0000",3,"CIS Ubuntu Linux 22.04 LTS Benchmark v2.0.0.: Ensure audit configuration files mode is configured.","wazuhVM",
"2025-05-21T10:12:58.711+0000",3,"CIS Ubuntu Linux 22.04 LTS Benchmark v2.0.0.: Ensure audit configuration files owner is configured.","wazuhVM",
"2025-05-21T10:12:58.721+0000",3,"CIS Ubuntu Linux 22.04 LTS Benchmark v2.0.0.: Ensure audit configuration files group owner is configured.","wazuhVM",
"2025-05-21T10:12:58.731+0000",7,"CIS Ubuntu Linux 22.04 LTS Benchmark v2.0.0.: Ensure audit tools mode is configured.","wazuhVM",
"2025-05-21T10:12:58.742+0000",7,"CIS Ubuntu Linux 22.04 LTS Benchmark v2.0.0.: Ensure audit tools owner is configured.","wazuhVM",
"2025-05-21T10:12:58.752+0000",7,"CIS Ubuntu Linux 22.04 LTS Benchmark v2.0.0.: Ensure audit tools group owner is configured.","wazuhVM",
"2025-05-21T10:12:58.762+0000",3,"CIS Ubuntu Linux 22.04 LTS Benchmark v2.0.0.: Ensure cryptographic mechanisms are used to protect the integrity of audit tools.","wazuhVM",
"2025-05-21T10:12:58.773+0000",7,"CIS Ubuntu Linux 22.04 LTS Benchmark v2.0.0.: Ensure systemd-journal-remote is installed.","wazuhVM",
"2025-05-21T10:12:58.783+0000",3,"CIS Ubuntu Linux 22.04 LTS Benchmark v2.0.0.: Ensure systemd-journal-remote service is not in use.","wazuhVM",
"2025-05-21T10:12:58.793+0000",3,"CIS Ubuntu Linux 22.04 LTS Benchmark v2.0.0.: Ensure journald service is enabled and active.","wazuhVM",
"2025-05-21T10:12:58.803+0000",3,"CIS Ubuntu Linux 22.04 LTS Benchmark v2.0.0.: Ensure journald Compress is configured.","wazuhVM",
"2025-05-21T10:12:58.814+0000",3,"CIS Ubuntu Linux 22.04 LTS Benchmark v2.0.0.: Ensure journald Storage is configured.","wazuhVM",
"2025-05-21T10:12:58.824+0000",3,"CIS Ubuntu Linux 22.04 LTS Benchmark v2.0.0.: Ensure journald ForwardToSyslog is disabled.","wazuhVM",
"2025-05-21T10:12:58.835+0000",3,"CIS Ubuntu Linux 22.04 LTS Benchmark v2.0.0.: Ensure cron daemon is enabled and active.","wazuhVM",
"2025-05-21T10:12:58.846+0000",7,"CIS Ubuntu Linux 22.04 LTS Benchmark v2.0.0.: Ensure permissions on /etc/crontab are configured.","wazuhVM",
"2025-05-21T10:12:58.856+0000",7,"CIS Ubuntu Linux 22.04 LTS Benchmark v2.0.0.: Ensure permissions on /etc/cron.hourly are configured.","wazuhVM",
"2025-05-21T10:12:58.868+0000",7,"CIS Ubuntu Linux 22.04 LTS Benchmark v2.0.0.: Ensure permissions on /etc/cron.daily are configured.","wazuhVM",
"2025-05-21T10:12:58.878+0000",7,"CIS Ubuntu Linux 22.04 LTS Benchmark v2.0.0.: Ensure permissions on /etc/cron.weekly are configured.","wazuhVM",
"2025-05-21T10:12:58.889+0000",7,"CIS Ubuntu Linux 22.04 LTS Benchmark v2.0.0.: Ensure permissions on /etc/cron.monthly are configured.","wazuhVM",
"2025-05-21T10:12:58.900+0000",7,"CIS Ubuntu Linux 22.04 LTS Benchmark v2.0.0.: Ensure permissions on /etc/cron.d are configured.","wazuhVM",
"2025-05-21T10:12:58.912+0000",7,"CIS Ubuntu Linux 22.04 LTS Benchmark v2.0.0.: Ensure permissions on /etc/ssh/sshd_config are configured.","wazuhVM",
"2025-05-21T10:12:58.923+0000",7,"CIS Ubuntu Linux 22.04 LTS Benchmark v2.0.0.: Ensure sshd access is configured.","wazuhVM",
"2025-05-21T10:12:58.933+0000",3,"CIS Ubuntu Linux 22.04 LTS Benchmark v2.0.0.: Ensure sshd LogLevel is configured.","wazuhVM",
"2025-05-21T10:12:58.943+0000",3,"CIS Ubuntu Linux 22.04 LTS Benchmark v2.0.0.: Ensure sshd UsePAM is enabled.","wazuhVM",
"2025-05-21T10:12:58.953+0000",7,"CIS Ubuntu Linux 22.04 LTS Benchmark v2.0.0.: Ensure sshd PermitRootLogin is disabled.","wazuhVM",
"2025-05-21T10:12:58.964+0000",3,"CIS Ubuntu Linux 22.04 LTS Benchmark v2.0.0.: Ensure sshd HostbasedAuthentication is disabled.","wazuhVM",
"2025-05-21T10:12:58.975+0000",3,"CIS Ubuntu Linux 22.04 LTS Benchmark v2.0.0.: Ensure sshd PermitEmptyPasswords is disabled.","wazuhVM",
"2025-05-21T10:12:58.985+0000",3,"CIS Ubuntu Linux 22.04 LTS Benchmark v2.0.0.: Ensure sshd PermitUserEnvironment is disabled.","wazuhVM",
"2025-05-21T10:12:58.995+0000",3,"CIS Ubuntu Linux 22.04 LTS Benchmark v2.0.0.: Ensure sshd IgnoreRhosts is enabled.","wazuhVM",
"2025-05-21T10:12:59.006+0000",3,"CIS Ubuntu Linux 22.04 LTS Benchmark v2.0.0.: Ensure sshd Ciphers are configured.","wazuhVM",
"2025-05-21T10:12:59.017+0000",7,"CIS Ubuntu Linux 22.04 LTS Benchmark v2.0.0.: Ensure sshd MACs are configured.","wazuhVM",
"2025-05-21T10:12:59.027+0000",3,"CIS Ubuntu Linux 22.04 LTS Benchmark v2.0.0.: Ensure sshd KexAlgorithms is configured.","wazuhVM",
"2025-05-21T10:12:59.037+0000",7,"CIS Ubuntu Linux 22.04 LTS Benchmark v2.0.0.: Ensure sshd Banner is configured.","wazuhVM",
"2025-05-21T10:12:59.048+0000",7,"CIS Ubuntu Linux 22.04 LTS Benchmark v2.0.0.: Ensure sshd MaxAuthTries is configured.","wazuhVM",
"2025-05-21T10:12:59.058+0000",7,"CIS Ubuntu Linux 22.04 LTS Benchmark v2.0.0.: Ensure sshd MaxStartups is configured.","wazuhVM",
"2025-05-21T10:12:59.069+0000",3,"CIS Ubuntu Linux 22.04 LTS Benchmark v2.0.0.: Ensure sshd MaxSessions is configured.","wazuhVM",
"2025-05-21T10:12:59.080+0000",7,"CIS Ubuntu Linux 22.04 LTS Benchmark v2.0.0.: Ensure sshd LoginGraceTime is configured.","wazuhVM",
"2025-05-21T10:12:59.090+0000",3,"CIS Ubuntu Linux 22.04 LTS Benchmark v2.0.0.: Ensure sshd ClientAliveInterval and ClientAliveCountMax are configured.","wazuhVM",
"2025-05-21T10:12:59.100+0000",3,"CIS Ubuntu Linux 22.04 LTS Benchmark v2.0.0.: Ensure sudo is installed.","wazuhVM",
"2025-05-21T10:12:59.111+0000",3,"CIS Ubuntu Linux 22.04 LTS Benchmark v2.0.0.: Ensure sudo commands use pty.","wazuhVM",
"2025-05-21T10:12:59.121+0000",7,"CIS Ubuntu Linux 22.04 LTS Benchmark v2.0.0.: Ensure sudo log file exists.","wazuhVM",
"2025-05-21T10:12:59.131+0000",7,"CIS Ubuntu Linux 22.04 LTS Benchmark v2.0.0.: Ensure users must provide password for privilege escalation.","wazuhVM",
"2025-05-21T10:12:59.142+0000",3,"CIS Ubuntu Linux 22.04 LTS Benchmark v2.0.0.: Ensure re-authentication for privilege escalation is not disabled globally.","wazuhVM",
"2025-05-21T10:12:59.152+0000",3,"CIS Ubuntu Linux 22.04 LTS Benchmark v2.0.0.: Ensure sudo authentication timeout is configured correctly.","wazuhVM",
"2025-05-21T10:12:59.162+0000",7,"CIS Ubuntu Linux 22.04 LTS Benchmark v2.0.0.: Ensure access to the su command is restricted.","wazuhVM",
"2025-05-21T10:12:59.174+0000",7,"CIS Ubuntu Linux 22.04 LTS Benchmark v2.0.0.: Ensure libpam-pwquality is installed.","wazuhVM",
"2025-05-21T10:12:59.183+0000",3,"CIS Ubuntu Linux 22.04 LTS Benchmark v2.0.0.: Ensure password failed attempts lockout is configured.","wazuhVM",
"2025-05-21T10:12:59.194+0000",3,"CIS Ubuntu Linux 22.04 LTS Benchmark v2.0.0.: Ensure strong password hashing algorithm is configured.","wazuhVM",
"2025-05-21T10:12:59.204+0000",7,"CIS Ubuntu Linux 22.04 LTS Benchmark v2.0.0.: Ensure minimum password age is configured.","wazuhVM",
"2025-05-21T10:12:59.214+0000",7,"CIS Ubuntu Linux 22.04 LTS Benchmark v2.0.0.: Ensure password expiration is configured.","wazuhVM",
"2025-05-21T10:12:59.224+0000",3,"CIS Ubuntu Linux 22.04 LTS Benchmark v2.0.0.: Ensure password expiration warning days is configured.","wazuhVM",
"2025-05-21T10:12:59.235+0000",7,"CIS Ubuntu Linux 22.04 LTS Benchmark v2.0.0.: Ensure inactive password lock is configured.","wazuhVM",
"2025-05-21T10:12:59.247+0000",3,"CIS Ubuntu Linux 22.04 LTS Benchmark v2.0.0.: Ensure group root is the only GID 0 group.","wazuhVM",
"2025-05-21T10:12:59.258+0000",3,"CIS Ubuntu Linux 22.04 LTS Benchmark v2.0.0.: Ensure permissions on /etc/passwd are configured.","wazuhVM",
"2025-05-21T10:12:59.268+0000",3,"CIS Ubuntu Linux 22.04 LTS Benchmark v2.0.0.: Ensure permissions on /etc/passwd- are configured.","wazuhVM",
"2025-05-21T10:12:59.278+0000",3,"CIS Ubuntu Linux 22.04 LTS Benchmark v2.0.0.: Ensure permissions on /etc/group are configured.","wazuhVM",
"2025-05-21T10:12:59.289+0000",3,"CIS Ubuntu Linux 22.04 LTS Benchmark v2.0.0.: Ensure permissions on /etc/group- are configured.","wazuhVM",
"2025-05-21T10:12:59.299+0000",7,"CIS Ubuntu Linux 22.04 LTS Benchmark v2.0.0.: Ensure permissions on /etc/shadow are configured.","wazuhVM",
"2025-05-21T10:12:59.309+0000",7,"CIS Ubuntu Linux 22.04 LTS Benchmark v2.0.0.: Ensure permissions on /etc/shadow- are configured.","wazuhVM",
"2025-05-21T10:12:59.319+0000",7,"CIS Ubuntu Linux 22.04 LTS Benchmark v2.0.0.: Ensure permissions on /etc/gshadow are configured.","wazuhVM",
"2025-05-21T10:12:59.330+0000",7,"CIS Ubuntu Linux 22.04 LTS Benchmark v2.0.0.: Ensure permissions on /etc/gshadow- are configured.","wazuhVM",
"2025-05-21T10:12:59.340+0000",3,"CIS Ubuntu Linux 22.04 LTS Benchmark v2.0.0.: Ensure accounts in /etc/passwd use shadowed passwords.","wazuhVM",
"2025-05-21T10:12:59.350+0000",3,"CIS Ubuntu Linux 22.04 LTS Benchmark v2.0.0.: Ensure /etc/shadow password fields are not empty.","wazuhVM",
"2025-05-21T10:12:59.360+0000",3,"CIS Ubuntu Linux 22.04 LTS Benchmark v2.0.0.: Ensure all groups in /etc/passwd exist in /etc/group.","wazuhVM",
"2025-05-21T10:12:59.371+0000",3,"CIS Ubuntu Linux 22.04 LTS Benchmark v2.0.0.: Ensure /dev/shm is a separate partition.","wazuhVM",
"2025-05-21T10:12:59.381+0000",3,"CIS Ubuntu Linux 22.04 LTS Benchmark v2.0.0.: Ensure GDM is removed.","wazuhVM",
"2025-05-21T10:12:59.393+0000",3,"CIS Ubuntu Linux 22.04 LTS Benchmark v2.0.0.: Ensure dnsmasq services are not in use.","wazuhVM",
"2025-05-21T10:12:59.406+0000",3,"CIS Ubuntu Linux 22.04 LTS Benchmark v2.0.0.: Ensure tftp server services are not in use.","wazuhVM",
"2025-05-21T10:12:59.415+0000",3,"CIS Ubuntu Linux 22.04 LTS Benchmark v2.0.0.: Ensure xinetd services are not in use.","wazuhVM",
"2025-05-21T10:12:59.425+0000",7,"CIS Ubuntu Linux 22.04 LTS Benchmark v2.0.0.: Ensure ftp client is not installed.","wazuhVM",
"2025-05-21T10:12:59.435+0000",3,"CIS Ubuntu Linux 22.04 LTS Benchmark v2.0.0.: Ensure IPv6 status is identified.","wazuhVM",
"2025-05-21T10:12:59.446+0000",3,"CIS Ubuntu Linux 22.04 LTS Benchmark v2.0.0.: Ensure bluetooth services are not in use.","wazuhVM",
"2025-05-21T10:12:59.459+0000",3,"CIS Ubuntu Linux 22.04 LTS Benchmark v2.0.0.: Ensure ufw is uninstalled or disabled with nftables.","wazuhVM",
"2025-05-21T10:12:59.470+0000",3,"CIS Ubuntu Linux 22.04 LTS Benchmark v2.0.0.: Ensure permissions on SSH public host key files are configured.","wazuhVM",
"2025-05-21T10:12:59.480+0000",7,"CIS Ubuntu Linux 22.04 LTS Benchmark v2.0.0.: Ensure sshd DisableForwarding is enabled.","wazuhVM",
"2025-05-21T10:12:59.491+0000",3,"CIS Ubuntu Linux 22.04 LTS Benchmark v2.0.0.: Ensure sshd GSSAPIAuthentication is disabled.","wazuhVM",
"2025-05-21T10:12:59.502+0000",3,"CIS Ubuntu Linux 22.04 LTS Benchmark v2.0.0.: Ensure pam_unix module is enabled.","wazuhVM",
"2025-05-21T10:12:59.513+0000",7,"CIS Ubuntu Linux 22.04 LTS Benchmark v2.0.0.: Ensure pam_pwquality module is enabled.","wazuhVM",
"2025-05-21T10:12:59.523+0000",7,"CIS Ubuntu Linux 22.04 LTS Benchmark v2.0.0.: Ensure pam_pwhistory module is enabled.","wazuhVM",
"2025-05-21T10:12:59.534+0000",7,"CIS Ubuntu Linux 22.04 LTS Benchmark v2.0.0.: Ensure pam_faillock module is enabled.","wazuhVM",
"2025-05-21T10:12:59.544+0000",3,"CIS Ubuntu Linux 22.04 LTS Benchmark v2.0.0.: Ensure password unlock time is configured.","wazuhVM",
"2025-05-21T10:12:59.556+0000",3,"CIS Ubuntu Linux 22.04 LTS Benchmark v2.0.0.: Ensure password failed attempts lockout includes root account.","wazuhVM",
"2025-05-21T10:12:59.568+0000",3,"CIS Ubuntu Linux 22.04 LTS Benchmark v2.0.0.: Ensure password number of changed characters is configured.","wazuhVM",
"2025-05-21T10:12:59.578+0000",3,"CIS Ubuntu Linux 22.04 LTS Benchmark v2.0.0.: Ensure minimum password length is configured.","wazuhVM",
"2025-05-21T10:12:59.588+0000",3,"CIS Ubuntu Linux 22.04 LTS Benchmark v2.0.0.: Ensure password complexity is configured.","wazuhVM",
"2025-05-21T10:12:59.598+0000",3,"CIS Ubuntu Linux 22.04 LTS Benchmark v2.0.0.: Ensure password same consecutive characters is configured.","wazuhVM",
"2025-05-21T10:12:59.609+0000",3,"CIS Ubuntu Linux 22.04 LTS Benchmark v2.0.0.: Ensure password maximum sequential characters is configured.","wazuhVM",
"2025-05-21T10:12:59.621+0000",7,"CIS Ubuntu Linux 22.04 LTS Benchmark v2.0.0.: Ensure password dictionary check is enabled.","wazuhVM",
"2025-05-21T10:12:59.631+0000",7,"CIS Ubuntu Linux 22.04 LTS Benchmark v2.0.0.: Ensure password quality checking is enforced.","wazuhVM",
"2025-05-21T10:12:59.642+0000",3,"CIS Ubuntu Linux 22.04 LTS Benchmark v2.0.0.: Ensure password quality is enforced for the root user.","wazuhVM",
"2025-05-21T10:12:59.653+0000",7,"CIS Ubuntu Linux 22.04 LTS Benchmark v2.0.0.: Ensure password history remember is configured.","wazuhVM",
"2025-05-21T10:12:59.664+0000",7,"CIS Ubuntu Linux 22.04 LTS Benchmark v2.0.0.: Ensure password history is enforced for the root user.","wazuhVM",
"2025-05-21T10:12:59.674+0000",7,"CIS Ubuntu Linux 22.04 LTS Benchmark v2.0.0.: Ensure pam_pwhistory includes use_authtok.","wazuhVM",
"2025-05-21T10:12:59.684+0000",7,"CIS Ubuntu Linux 22.04 LTS Benchmark v2.0.0.: Ensure pam_unix does not include nullok.","wazuhVM",
"2025-05-21T10:12:59.696+0000",3,"CIS Ubuntu Linux 22.04 LTS Benchmark v2.0.0.: Ensure pam_unix does not include remember.","wazuhVM",
"2025-05-21T10:12:59.706+0000",7,"CIS Ubuntu Linux 22.04 LTS Benchmark v2.0.0.: Ensure pam_unix includes use_authtok.","wazuhVM",
"2025-05-21T10:12:59.716+0000",3,"CIS Ubuntu Linux 22.04 LTS Benchmark v2.0.0.: Ensure pam_unix includes a strong password hashing algorithm.","wazuhVM",
"2025-05-21T10:12:59.726+0000",3,"CIS Ubuntu Linux 22.04 LTS Benchmark v2.0.0.: Ensure root is the only UID 0 account.","wazuhVM",
"2025-05-21T10:12:59.737+0000",3,"CIS Ubuntu Linux 22.04 LTS Benchmark v2.0.0.: Ensure root is the only GID 0 account.","wazuhVM",
"2025-05-21T10:12:59.747+0000",7,"CIS Ubuntu Linux 22.04 LTS Benchmark v2.0.0.: Ensure root password is set.","wazuhVM",
"2025-05-21T10:12:59.757+0000",3,"CIS Ubuntu Linux 22.04 LTS Benchmark v2.0.0.: Ensure root user umask is configured.","wazuhVM",
"2025-05-21T10:12:59.767+0000",3,"CIS Ubuntu Linux 22.04 LTS Benchmark v2.0.0.: Ensure nologin is not listed in /etc/shells.","wazuhVM",
"2025-05-21T10:12:59.778+0000",3,"CIS Ubuntu Linux 22.04 LTS Benchmark v2.0.0.: Ensure default user umask is configured.","wazuhVM",
"2025-05-21T10:12:59.788+0000",7,"CIS Ubuntu Linux 22.04 LTS Benchmark v2.0.0.: Ensure filesystem integrity is regularly checked.","wazuhVM",
"2025-05-21T10:12:59.800+0000",3,"CIS Ubuntu Linux 22.04 LTS Benchmark v2.0.0.: Ensure systemd-journal-remote authentication is configured.","wazuhVM",
"2025-05-21T10:12:59.812+0000",7,"CIS Ubuntu Linux 22.04 LTS Benchmark v2.0.0.: Ensure systemd-journal-upload is enabled and active.","wazuhVM",
"2025-05-21T10:12:59.822+0000",7,"CIS Ubuntu Linux 22.04 LTS Benchmark v2.0.0.: Ensure system warns when audit logs are low on space.","wazuhVM",
"2025-05-21T10:12:59.832+0000",7,"CIS Ubuntu Linux 22.04 LTS Benchmark v2.0.0.: Ensure permissions on /etc/shells are configured.","wazuhVM",
"2025-05-21T10:12:59.842+0000",7,"CIS Ubuntu Linux 22.04 LTS Benchmark v2.0.0.: Ensure permissions on /etc/security/opasswd are configured.","wazuhVM",
"2025-05-21T10:13:02.088+0000",3,"PAM: Login session closed.","wazuhVM","May 21 10:13:00 wazuhVM sudo[51500]: pam_unix(sudo:session): session closed for user root"
"2025-05-21T10:13:06.870+0000",7,"SCA summary: CIS Ubuntu Linux 22.04 LTS Benchmark v2.0.0.: Score less than 50% (46)","wazuhVM",
"2025-05-21T10:13:18.076+0000",7,"SCA summary: CIS Ubuntu Linux 22.04 LTS Benchmark v2.0.0.: Score less than 50% (46)","wazuhVM",
"2025-05-21T10:13:34.120+0000",3,"Successful sudo to ROOT executed.","wazuhVM","May 21 10:13:33 wazuhVM sudo[51629]: azureuser : TTY=pts/0 ; PWD=/home/azureuser ; USER=root ; COMMAND=/usr/bin/apt install jq -y"
"2025-05-21T10:13:34.121+0000",3,"PAM: Login session opened.","wazuhVM","May 21 10:13:33 wazuhVM sudo[51629]: pam_unix(sudo:session): session opened for user root(uid=0) by azureuser(uid=1000)"
"2025-05-21T10:14:00.148+0000",3,"New dpkg (Debian Package) requested to install.","wazuhVM","2025-05-21 10:13:58 install libonig5:amd64 <none> 6.9.7.1-2build1"
"2025-05-21T10:14:00.149+0000",3,"New dpkg (Debian Package) requested to install.","wazuhVM","2025-05-21 10:13:59 install libjq1:amd64 <none> 1.6-2.1ubuntu3"
"2025-05-21T10:14:02.159+0000",3,"New dpkg (Debian Package) requested to install.","wazuhVM","2025-05-21 10:14:00 install jq:amd64 <none> 1.6-2.1ubuntu3"
"2025-05-21T10:14:02.160+0000",7,"Dpkg (Debian Package) half configured.","wazuhVM","2025-05-21 10:14:02 status half-configured libonig5:amd64 6.9.7.1-2build1"
"2025-05-21T10:14:04.156+0000",7,"New dpkg (Debian Package) installed.","wazuhVM","2025-05-21 10:14:02 status installed libonig5:amd64 6.9.7.1-2build1"
"2025-05-21T10:14:04.156+0000",7,"Dpkg (Debian Package) half configured.","wazuhVM","2025-05-21 10:14:02 status half-configured libjq1:amd64 1.6-2.1ubuntu3"
"2025-05-21T10:14:04.156+0000",7,"New dpkg (Debian Package) installed.","wazuhVM","2025-05-21 10:14:02 status installed libjq1:amd64 1.6-2.1ubuntu3"
"2025-05-21T10:14:04.156+0000",7,"Dpkg (Debian Package) half configured.","wazuhVM","2025-05-21 10:14:02 status half-configured jq:amd64 1.6-2.1ubuntu3"
"2025-05-21T10:14:04.156+0000",7,"New dpkg (Debian Package) installed.","wazuhVM","2025-05-21 10:14:02 status installed jq:amd64 1.6-2.1ubuntu3"
"2025-05-21T10:14:04.156+0000",7,"Dpkg (Debian Package) half configured.","wazuhVM","2025-05-21 10:14:02 status half-configured man-db:amd64 2.10.2-1"
"2025-05-21T10:14:04.156+0000",7,"New dpkg (Debian Package) installed.","wazuhVM","2025-05-21 10:14:04 status installed man-db:amd64 2.10.2-1"
"2025-05-21T10:14:04.156+0000",7,"Dpkg (Debian Package) half configured.","wazuhVM","2025-05-21 10:14:04 status half-configured libc-bin:amd64 2.35-0ubuntu3.9"
"2025-05-21T10:14:20.208+0000",7,"New dpkg (Debian Package) installed.","wazuhVM","2025-05-21 10:14:18 status installed libc-bin:amd64 2.35-0ubuntu3.9"
"2025-05-21T10:14:52.310+0000",3,"PAM: Login session closed.","wazuhVM","May 21 10:14:50 wazuhVM sudo[51629]: pam_unix(sudo:session): session closed for user root"
